Date,Symbol,Close,Close,Close,Close,Close,Close,Close,Close,Close,Close
,,AAPL,TSLA,MSFT,GOOG,AMZN,NVDA,META,NFLX,JPM,BAC
2024-12-20,AAPL,253.87759399414062,,,,,,,,,
2024-12-20,AMZN,,,,,224.9199981689453,,,,,
2024-12-20,BAC,,,,,,,,,,43.63585662841797
2024-12-20,GOOG,,,,192.509033203125,,,,,,
2024-12-20,JPM,,,,,,,,,234.93212890625,
2024-12-20,META,,,,,,,584.2802124023438,,,
2024-12-20,MSFT,,,434.9278564453125,,,,,,,
2024-12-20,NFLX,,,,,,,,909.0499877929688,,
2024-12-20,NVDA,,,,,,134.67825317382812,,,,
2024-12-20,TSLA,,421.05999755859375,,,,,,,,
2024-12-23,AAPL,254.6557159423828,,,,,,,,,
2024-12-23,AMZN,,,,,225.05999755859375,,,,,
2024-12-23,BAC,,,,,,,,,,43.3592414855957
2024-12-23,GOOG,,,,195.53195190429688,,,,,,
2024-12-23,JPM,,,,,,,,,235.71324157714844,
2024-12-23,META,,,,,,,598.8560180664062,,,
2024-12-23,MSFT,,,433.5830383300781,,,,,,,
2024-12-23,NFLX,,,,,,,,911.4500122070312,,
2024-12-23,NVDA,,,,,,139.64744567871094,,,,
2024-12-23,TSLA,,430.6000061035156,,,,,,,,
2024-12-24,AAPL,257.57867431640625,,,,,,,,,
2024-12-24,AMZN,,,,,229.0500030517578,,,,,
2024-12-24,BAC,,,,,,,,,,43.843318939208984
2024-12-24,GOOG,,,,197.10824584960938,,,,,,
2024-12-24,JPM,,,,,,,,,239.58921813964844,
2024-12-24,META,,,,,,,606.742919921875,,,
2024-12-24,MSFT,,,437.6473693847656,,,,,,,
2024-12-24,NFLX,,,,,,,,932.1199951171875,,
2024-12-24,NVDA,,,,,,140.19737243652344,,,,
2024-12-24,TSLA,,462.2799987792969,,,,,,,,
2024-12-26,AAPL,258.39666748046875,,,,,,,,,
2024-12-26,AMZN,,,,,227.0500030517578,,,,,
2024-12-26,BAC,,,,,,,,,,44.01126480102539
2024-12-26,GOOG,,,,196.63934326171875,,,,,,
2024-12-26,JPM,,,,,,,,,240.409912109375,
2024-12-26,META,,,,,,,602.3502197265625,,,
2024-12-26,MSFT,,,436.43206787109375,,,,,,,
2024-12-26,NFLX,,,,,,,,924.1400146484375,,
2024-12-26,NVDA,,,,,,139.90740966796875,,,,
2024-12-26,TSLA,,454.1300048828125,,,,,,,,
2024-12-27,AAPL,254.9749298095703,,,,,,,,,
2024-12-27,AMZN,,,,,223.75,,,,,
2024-12-27,BAC,,,,,,,,,,43.803802490234375
2024-12-27,GOOG,,,,193.58648681640625,,,,,,
2024-12-27,JPM,,,,,,,,,238.4620361328125,
2024-12-27,META,,,,,,,598.8160400390625,,,
2024-12-27,MSFT,,,428.881103515625,,,,,,,
2024-12-27,NFLX,,,,,,,,907.5499877929688,,
2024-12-27,NVDA,,,,,,136.9878692626953,,,,
2024-12-27,TSLA,,431.6600036621094,,,,,,,,
2024-12-30,AAPL,251.59307861328125,,,,,,,,,
2024-12-30,AMZN,,,,,221.3000030517578,,,,,
2024-12-30,BAC,,,,,,,,,,43.379005432128906
2024-12-30,GOOG,,,,192.23965454101562,,,,,,
2024-12-30,JPM,,,,,,,,,236.6328125,
2024-12-30,META,,,,,,,590.26025390625,,,
2024-12-30,MSFT,,,423.2029113769531,,,,,,,
2024-12-30,NFLX,,,,,,,,900.4299926757812,,
2024-12-30,NVDA,,,,,,137.46780395507812,,,,
2024-12-30,TSLA,,417.4100036621094,,,,,,,,
2024-12-31,AAPL,249.81736755371094,,,,,,,,,
2024-12-31,AMZN,,,,,219.38999938964844,,,,,
2024-12-31,BAC,,,,,,,,,,43.41851806640625
2024-12-31,GOOG,,,,189.99490356445312,,,,,,
2024-12-31,JPM,,,,,,,,,237.0184326171875,
2024-12-31,META,,,,,,,584.539794921875,,,
2024-12-31,MSFT,,,419.88568115234375,,,,,,,
2024-12-31,NFLX,,,,,,,,891.3200073242188,,
2024-12-31,NVDA,,,,,,134.26832580566406,,,,
2024-12-31,TSLA,,403.8399963378906,,,,,,,,
2025-01-02,AAPL,243.26319885253906,,,,,,,,,
2025-01-02,AMZN,,,,,220.22000122070312,,,,,
2025-01-02,BAC,,,,,,,,,,43.75440979003906
2025-01-02,GOOG,,,,190.18446350097656,,,,,,
2025-01-02,JPM,,,,,,,,,237.30516052246094,
2025-01-02,META,,,,,,,598.2470703125,,,
2025-01-02,MSFT,,,416.97686767578125,,,,,,,
2025-01-02,NFLX,,,,,,,,886.72998046875,,
2025-01-02,NVDA,,,,,,138.2876739501953,,,,
2025-01-02,TSLA,,379.2799987792969,,,,,,,,
2025-01-03,AAPL,242.7743682861328,,,,,,,,,
2025-01-03,AMZN,,,,,224.19000244140625,,,,,
2025-01-03,BAC,,,,,,,,,,44.26811981201172
2025-01-03,GOOG,,,,192.6786346435547,,,,,,
2025-01-03,JPM,,,,,,,,,240.54833984375,
2025-01-03,META,,,,,,,603.6281127929688,,,
2025-01-03,MSFT,,,421.7286071777344,,,,,,,
2025-01-03,NFLX,,,,,,,,881.0499877929688,,
2025-01-03,NVDA,,,,,,144.44668579101562,,,,
2025-01-03,TSLA,,410.44000244140625,,,,,,,,
2025-01-06,AAPL,244.41041564941406,,,,,,,,,
2025-01-06,AMZN,,,,,227.61000061035156,,,,,
2025-01-06,BAC,,,,,,,,,,44.850982666015625
2025-01-06,GOOG,,,,197.49734497070312,,,,,,
2025-01-06,JPM,,,,,,,,,239.3755645751953,
2025-01-06,META,,,,,,,629.15576171875,,,
2025-01-06,MSFT,,,426.21136474609375,,,,,,,
2025-01-06,NFLX,,,,,,,,881.7899780273438,,
2025-01-06,NVDA,,,,,,149.40586853027344,,,,
2025-01-06,TSLA,,411.04998779296875,,,,,,,,
2025-01-07,AAPL,241.62713623046875,,,,,,,,,
2025-01-07,AMZN,,,,,222.11000061035156,,,,,
2025-01-07,BAC,,,,,,,,,,45.522762298583984
2025-01-07,GOOG,,,,196.25025939941406,,,,,,
2025-01-07,JPM,,,,,,,,,241.6813507080078,
2025-01-07,META,,,,,,,616.8661499023438,,,
2025-01-07,MSFT,,,420.7523498535156,,,,,,,
2025-01-07,NFLX,,,,,,,,879.1900024414062,,
2025-01-07,NVDA,,,,,,140.11737060546875,,,,
2025-01-07,TSLA,,394.3599853515625,,,,,,,,
2025-01-08,AAPL,242.11595153808594,,,,,,,,,
2025-01-08,AMZN,,,,,222.1300048828125,,,,,
2025-01-08,BAC,,,,,,,,,,45.651187896728516
2025-01-08,GOOG,,,,194.933349609375,,,,,,
2025-01-08,JPM,,,,,,,,,241.6416015625,
2025-01-08,META,,,,,,,609.7080078125,,,
2025-01-08,MSFT,,,422.9339904785156,,,,,,,
2025-01-08,NFLX,,,,,,,,875.0,,
2025-01-08,NVDA,,,,,,140.08738708496094,,,,
2025-01-08,TSLA,,394.94000244140625,,,,,,,,
2025-01-10,AAPL,236.28004455566406,,,,,,,,,
2025-01-10,AMZN,,,,,218.94000244140625,,,,,
2025-01-10,BAC,,,,,,,,,,44.564491271972656
2025-01-10,GOOG,,,,192.71852111816406,,,,,,
2025-01-10,JPM,,,,,,,,,238.40155029296875,
2025-01-10,META,,,,,,,614.8394775390625,,,
2025-01-10,MSFT,,,417.345458984375,,,,,,,
2025-01-10,NFLX,,,,,,,,837.6900024414062,,
2025-01-10,NVDA,,,,,,135.88807678222656,,,,
2025-01-10,TSLA,,394.739990234375,,,,,,,,
2025-01-13,AAPL,233.83592224121094,,,,,,,,,
2025-01-13,AMZN,,,,,218.4600067138672,,,,,
2025-01-13,BAC,,,,,,,,,,44.51509475708008
2025-01-13,GOOG,,,,191.84059143066406,,,,,,
2025-01-13,JPM,,,,,,,,,242.71499633789062,
2025-01-13,META,,,,,,,607.3219604492188,,,
2025-01-13,MSFT,,,415.5921936035156,,,,,,,
2025-01-13,NFLX,,,,,,,,840.2899780273438,,
2025-01-13,NVDA,,,,,,133.20849609375,,,,
2025-01-13,TSLA,,403.30999755859375,,,,,,,,
2025-01-14,AAPL,232.71861267089844,,,,,,,,,
2025-01-14,AMZN,,,,,217.75999450683594,,,,,
2025-01-14,BAC,,,,,,,,,,45.22638702392578
2025-01-14,GOOG,,,,190.60348510742188,,,,,,
2025-01-14,JPM,,,,,,,,,245.9550323486328,
2025-01-14,META,,,,,,,593.2652587890625,,,
2025-01-14,MSFT,,,414.0780334472656,,,,,,,
2025-01-14,NFLX,,,,,,,,828.4000244140625,,
2025-01-14,NVDA,,,,,,131.7387237548828,,,,
2025-01-14,TSLA,,396.3599853515625,,,,,,,,
2025-01-15,AAPL,237.2975616455078,,,,,,,,,
2025-01-15,AMZN,,,,,223.35000610351562,,,,,
2025-01-15,BAC,,,,,,,,,,46.53042221069336
2025-01-15,GOOG,,,,196.51962280273438,,,,,,
2025-01-15,JPM,,,,,,,,,250.80516052246094,
2025-01-15,META,,,,,,,616.0973510742188,,,
2025-01-15,MSFT,,,424.6772766113281,,,,,,,
2025-01-15,NFLX,,,,,,,,848.260009765625,,
2025-01-15,NVDA,,,,,,136.218017578125,,,,
2025-01-15,TSLA,,428.2200012207031,,,,,,,,
2025-01-16,AAPL,227.710693359375,,,,,,,,,
2025-01-16,AMZN,,,,,220.66000366210938,,,,,
2025-01-16,BAC,,,,,,,,,,46.07598876953125
2025-01-16,GOOG,,,,193.9556427001953,,,,,,
2025-01-16,JPM,,,,,,,,,252.71340942382812,
2025-01-16,META,,,,,,,610.2870483398438,,,
2025-01-16,MSFT,,,422.953857421875,,,,,,,
2025-01-16,NFLX,,,,,,,,842.3699951171875,,
2025-01-16,NVDA,,,,,,133.54844665527344,,,,
2025-01-16,TSLA,,413.82000732421875,,,,,,,,
2025-01-17,AAPL,229.4265594482422,,,,,,,,,
2025-01-17,AMZN,,,,,225.94000244140625,,,,,
2025-01-17,BAC,,,,,,,,,,45.96731948852539
2025-01-17,GOOG,,,,197.0883026123047,,,,,,
2025-01-17,JPM,,,,,,,,,257.573486328125,
2025-01-17,META,,,,,,,611.754638671875,,,
2025-01-17,MSFT,,,427.3868713378906,,,,,,,
2025-01-17,NFLX,,,,,,,,858.0999755859375,,
2025-01-17,NVDA,,,,,,137.68777465820312,,,,
2025-01-17,TSLA,,426.5,,,,,,,,
2025-01-21,AAPL,222.10421752929688,,,,,,,,,
2025-01-21,AMZN,,,,,230.7100067138672,,,,,
2025-01-21,BAC,,,,,,,,,,46.09574508666992
2025-01-21,GOOG,,,,199.16343688964844,,,,,,
2025-01-21,JPM,,,,,,,,,261.4197692871094,
2025-01-21,META,,,,,,,615.4385375976562,,,
2025-01-21,MSFT,,,426.8588562011719,,,,,,,
2025-01-21,NFLX,,,,,,,,869.6799926757812,,
2025-01-21,NVDA,,,,,,140.80726623535156,,,,
2025-01-21,TSLA,,424.07000732421875,,,,,,,,
2025-01-22,AAPL,223.29136657714844,,,,,,,,,
2025-01-22,AMZN,,,,,235.00999450683594,,,,,
2025-01-22,BAC,,,,,,,,,,45.23626708984375
2025-01-22,GOOG,,,,199.5625,,,,,,
2025-01-22,JPM,,,,,,,,,261.2309265136719,
2025-01-22,META,,,,,,,622.4668579101562,,,
2025-01-22,MSFT,,,444.4911193847656,,,,,,,
2025-01-22,NFLX,,,,,,,,953.989990234375,,
2025-01-22,NVDA,,,,,,147.04627990722656,,,,
2025-01-22,TSLA,,415.1099853515625,,,,,,,,
2025-01-23,AAPL,223.1217803955078,,,,,,,,,
2025-01-23,AMZN,,,,,235.4199981689453,,,,,
2025-01-23,BAC,,,,,,,,,,45.82901382446289
2025-01-23,GOOG,,,,199.11355590820312,,,,,,
2025-01-23,JPM,,,,,,,,,264.3219299316406,
2025-01-23,META,,,,,,,635.3953857421875,,,
2025-01-23,MSFT,,,444.9991149902344,,,,,,,
2025-01-23,NFLX,,,,,,,,984.8599853515625,,
2025-01-23,NVDA,,,,,,147.1962432861328,,,,
2025-01-23,TSLA,,412.3800048828125,,,,,,,,
2025-01-24,AAPL,222.24388122558594,,,,,,,,,
2025-01-24,AMZN,,,,,234.85000610351562,,,,,
2025-01-24,BAC,,,,,,,,,,45.95743942260742
2025-01-24,GOOG,,,,201.42813110351562,,,,,,
2025-01-24,JPM,,,,,,,,,263.21868896484375,
2025-01-24,META,,,,,,,646.4171142578125,,,
2025-01-24,MSFT,,,442.3592834472656,,,,,,,
2025-01-24,NFLX,,,,,,,,977.5900268554688,,
2025-01-24,NVDA,,,,,,142.5969696044922,,,,
2025-01-24,TSLA,,406.5799865722656,,,,,,,,
2025-01-27,AAPL,229.30685424804688,,,,,,,,,
2025-01-27,AMZN,,,,,235.4199981689453,,,,,
2025-01-27,BAC,,,,,,,,,,46.52054977416992
2025-01-27,GOOG,,,,193.31712341308594,,,,,,
2025-01-27,JPM,,,,,,,,,264.2225341796875,
2025-01-27,META,,,,,,,658.7865600585938,,,
2025-01-27,MSFT,,,432.8956604003906,,,,,,,
2025-01-27,NFLX,,,,,,,,971.8900146484375,,
2025-01-27,NVDA,,,,,,118.40088653564453,,,,
2025-01-27,TSLA,,397.1499938964844,,,,,,,,
2025-01-28,AAPL,237.68663024902344,,,,,,,,,
2025-01-28,AMZN,,,,,238.14999389648438,,,,,
2025-01-28,BAC,,,,,,,,,,46.2735710144043
2025-01-28,GOOG,,,,196.60943603515625,,,,,,
2025-01-28,JPM,,,,,,,,,265.504638671875,
2025-01-28,META,,,,,,,673.212646484375,,,
2025-01-28,MSFT,,,445.4872741699219,,,,,,,
2025-01-28,NFLX,,,,,,,,971.8300170898438,,
2025-01-28,NVDA,,,,,,128.9691925048828,,,,
2025-01-28,TSLA,,398.0899963378906,,,,,,,,
2025-01-29,AAPL,238.7839813232422,,,,,,,,,
2025-01-29,AMZN,,,,,237.07000732421875,,,,,
2025-01-29,BAC,,,,,,,,,,46.18465805053711
2025-01-29,GOOG,,,,196.71914672851562,,,,,,
2025-01-29,JPM,,,,,,,,,264.9480285644531,
2025-01-29,META,,,,,,,675.3690185546875,,,
2025-01-29,MSFT,,,440.6358947753906,,,,,,,
2025-01-29,NFLX,,,,,,,,978.1500244140625,,
2025-01-29,NVDA,,,,,,123.6800308227539,,,,
2025-01-29,TSLA,,389.1000061035156,,,,,,,,
2025-01-30,AAPL,237.0182342529297,,,,,,,,,
2025-01-30,AMZN,,,,,234.63999938964844,,,,,
2025-01-30,BAC,,,,,,,,,,46.15502166748047
2025-01-30,GOOG,,,,202.1564178466797,,,,,,
2025-01-30,JPM,,,,,,,,,266.58795166015625,
2025-01-30,META,,,,,,,685.8616333007812,,,
2025-01-30,MSFT,,,413.4006042480469,,,,,,,
2025-01-30,NFLX,,,,,,,,973.239990234375,,
2025-01-30,NVDA,,,,,,124.62987518310547,,,,
2025-01-30,TSLA,,400.2799987792969,,,,,,,,
2025-01-31,AAPL,235.4320831298828,,,,,,,,,
2025-01-31,AMZN,,,,,237.67999267578125,,,,,
2025-01-31,BAC,,,,,,,,,,45.7401008605957
2025-01-31,GOOG,,,,205.11947631835938,,,,,,
2025-01-31,JPM,,,,,,,,,265.66363525390625,
2025-01-31,META,,,,,,,688.0380249023438,,,
2025-01-31,MSFT,,,413.4703674316406,,,,,,,
2025-01-31,NFLX,,,,,,,,976.760009765625,,
2025-01-31,NVDA,,,,,,120.05062103271484,,,,
2025-01-31,TSLA,,404.6000061035156,,,,,,,,
2025-02-03,AAPL,227.46128845214844,,,,,,,,,
2025-02-03,AMZN,,,,,237.4199981689453,,,,,
2025-02-03,BAC,,,,,,,,,,45.651187896728516
2025-02-03,GOOG,,,,202.16639709472656,,,,,,
2025-02-03,JPM,,,,,,,,,265.1766357421875,
2025-02-03,META,,,,,,,696.3042602539062,,,
2025-02-03,MSFT,,,409.3462219238281,,,,,,,
2025-02-03,NFLX,,,,,,,,978.9400024414062,,
2025-02-03,NVDA,,,,,,116.64117431640625,,,,
2025-02-03,TSLA,,383.67999267578125,,,,,,,,
2025-02-04,AAPL,232.23977661132812,,,,,,,,,
2025-02-04,AMZN,,,,,242.05999755859375,,,,,
2025-02-04,BAC,,,,,,,,,,46.1451416015625
2025-02-04,GOOG,,,,207.22454833984375,,,,,,
2025-02-04,JPM,,,,,,,,,266.2997131347656,
2025-02-04,META,,,,,,,703.0231323242188,,,
2025-02-04,MSFT,,,410.7906494140625,,,,,,,
2025-02-04,NFLX,,,,,,,,994.8699951171875,,
2025-02-04,NVDA,,,,,,118.63085174560547,,,,
2025-02-04,TSLA,,392.2099914550781,,,,,,,,
2025-02-05,AAPL,231.91058349609375,,,,,,,,,
2025-02-05,AMZN,,,,,236.1699981689453,,,,,
2025-02-05,BAC,,,,,,,,,,46.540306091308594
2025-02-05,GOOG,,,,192.8482208251953,,,,,,
2025-02-05,JPM,,,,,,,,,268.77447509765625,
2025-02-05,META,,,,,,,703.7020263671875,,,
2025-02-05,MSFT,,,411.7071533203125,,,,,,,
2025-02-05,NFLX,,,,,,,,1011.1099853515625,,
2025-02-05,NVDA,,,,,,124.80985260009766,,,,
2025-02-05,TSLA,,378.1700134277344,,,,,,,,
2025-02-06,AAPL,232.6587677001953,,,,,,,,,
2025-02-06,AMZN,,,,,238.8300018310547,,,,,
2025-02-06,BAC,,,,,,,,,,47.162689208984375
2025-02-06,GOOG,,,,192.8582000732422,,,,,,
2025-02-06,JPM,,,,,,,,,275.2048645019531,
2025-02-06,META,,,,,,,710.8101806640625,,,
2025-02-06,MSFT,,,414.2274475097656,,,,,,,
2025-02-06,NFLX,,,,,,,,1015.6799926757812,,
2025-02-06,NVDA,,,,,,128.65921020507812,,,,
2025-02-06,TSLA,,374.32000732421875,,,,,,,,
2025-02-07,AAPL,227.08221435546875,,,,,,,,,
2025-02-07,AMZN,,,,,229.14999389648438,,,,,
2025-02-07,BAC,,,,,,,,,,46.82680130004883
2025-02-07,GOOG,,,,186.70262145996094,,,,,,
2025-02-07,JPM,,,,,,,,,274.1116027832031,
2025-02-07,META,,,,,,,713.3359985351562,,,
2025-02-07,MSFT,,,408.1806945800781,,,,,,,
2025-02-07,NFLX,,,,,,,,1013.9299926757812,,
2025-02-07,NVDA,,,,,,129.81903076171875,,,,
2025-02-07,TSLA,,361.6199951171875,,,,,,,,
2025-02-10,AAPL,227.3518524169922,,,,,,,,,
2025-02-10,AMZN,,,,,233.13999938964844,,,,,
2025-02-10,BAC,,,,,,,,,,46.10562515258789
2025-02-10,GOOG,,,,187.7601318359375,,,,,,
2025-02-10,JPM,,,,,,,,,269.3807373046875,
2025-02-10,META,,,,,,,716.2112426757812,,,
2025-02-10,MSFT,,,410.6412353515625,,,,,,,
2025-02-10,NFLX,,,,,,,,1027.5999755859375,,
2025-02-10,NVDA,,,,,,133.54844665527344,,,,
2025-02-10,TSLA,,350.7300109863281,,,,,,,,
2025-02-11,AAPL,232.3153533935547,,,,,,,,,
2025-02-11,AMZN,,,,,232.75999450683594,,,,,
2025-02-11,BAC,,,,,,,,,,46.224178314208984
2025-02-11,GOOG,,,,186.63278198242188,,,,,,
2025-02-11,JPM,,,,,,,,,273.3065490722656,
2025-02-11,META,,,,,,,718.6072387695312,,,
2025-02-11,MSFT,,,409.8642272949219,,,,,,,
2025-02-11,NFLX,,,,,,,,1008.0800170898438,,
2025-02-11,NVDA,,,,,,132.77857971191406,,,,
2025-02-11,TSLA,,328.5,,,,,,,,
2025-02-12,AAPL,236.55978393554688,,,,,,,,,
2025-02-12,AMZN,,,,,228.92999267578125,,,,,
2025-02-12,BAC,,,,,,,,,,45.651187896728516
2025-02-12,GOOG,,,,184.99661254882812,,,,,,
2025-02-12,JPM,,,,,,,,,273.7637634277344,
2025-02-12,META,,,,,,,724.1780395507812,,,
2025-02-12,MSFT,,,407.4734191894531,,,,,,,
2025-02-12,NFLX,,,,,,,,1027.31005859375,,
2025-02-12,NVDA,,,,,,131.11883544921875,,,,
2025-02-12,TSLA,,336.510009765625,,,,,,,,
2025-02-13,AAPL,241.21368408203125,,,,,,,,,
2025-02-13,AMZN,,,,,230.3699951171875,,,,,
2025-02-13,BAC,,,,,,,,,,45.76974105834961
2025-02-13,GOOG,,,,187.44090270996094,,,,,,
2025-02-13,JPM,,,,,,,,,274.62841796875,
2025-02-13,META,,,,,,,727.352783203125,,,
2025-02-13,MSFT,,,408.9676818847656,,,,,,,
2025-02-13,NFLX,,,,,,,,1043.68994140625,,
2025-02-13,NVDA,,,,,,135.26815795898438,,,,
2025-02-13,TSLA,,355.94000244140625,,,,,,,,
2025-02-14,AAPL,244.2796630859375,,,,,,,,,
2025-02-14,AMZN,,,,,228.67999267578125,,,,,
2025-02-14,BAC,,,,,,,,,,46.39211654663086
2025-02-14,GOOG,,,,186.43324279785156,,,,,,
2025-02-14,JPM,,,,,,,,,274.8967590332031,
2025-02-14,META,,,,,,,735.4492797851562,,,
2025-02-14,MSFT,,,406.86572265625,,,,,,,
2025-02-14,NFLX,,,,,,,,1058.5999755859375,,
2025-02-14,NVDA,,,,,,138.8275909423828,,,,
2025-02-14,TSLA,,355.8399963378906,,,,,,,,
2025-02-18,AAPL,244.14984130859375,,,,,,,,,
2025-02-18,AMZN,,,,,226.64999389648438,,,,,
2025-02-18,BAC,,,,,,,,,,45.96731948852539
2025-02-18,GOOG,,,,185.36575317382812,,,,,,
2025-02-18,JPM,,,,,,,,,278.2362060546875,
2025-02-18,META,,,,,,,715.1829223632812,,,
2025-02-18,MSFT,,,408.0711364746094,,,,,,,
2025-02-18,NFLX,,,,,,,,1035.8499755859375,,
2025-02-18,NVDA,,,,,,139.37750244140625,,,,
2025-02-18,TSLA,,354.1099853515625,,,,,,,,
2025-02-19,AAPL,244.54930114746094,,,,,,,,,
2025-02-19,AMZN,,,,,226.6300048828125,,,,,
2025-02-19,BAC,,,,,,,,,,45.45360565185547
2025-02-19,GOOG,,,,186.69265747070312,,,,,,
2025-02-19,JPM,,,,,,,,,277.5404968261719,
2025-02-19,META,,,,,,,702.6038818359375,,,
2025-02-19,MSFT,,,413.18145751953125,,,,,,,
2025-02-19,NFLX,,,,,,,,1043.3299560546875,,
2025-02-19,NVDA,,,,,,139.20751953125,,,,
2025-02-19,TSLA,,360.55999755859375,,,,,,,,
2025-02-20,AAPL,245.508056640625,,,,,,,,,
2025-02-20,AMZN,,,,,222.8800048828125,,,,,
2025-02-20,BAC,,,,,,,,,,44.752193450927734
2025-02-20,GOOG,,,,186.2037811279297,,,,,,
2025-02-20,JPM,,,,,,,,,265.16668701171875,
2025-02-20,META,,,,,,,693.6885986328125,,,
2025-02-20,MSFT,,,415.3674621582031,,,,,,,
2025-02-20,NFLX,,,,,,,,1024.5400390625,,
2025-02-20,NVDA,,,,,,140.08738708496094,,,,
2025-02-20,TSLA,,354.3999938964844,,,,,,,,
2025-02-21,AAPL,245.22842407226562,,,,,,,,,
2025-02-21,AMZN,,,,,216.5800018310547,,,,,
2025-02-21,BAC,,,,,,,,,,44.26811981201172
2025-02-21,GOOG,,,,181.15560913085938,,,,,,
2025-02-21,JPM,,,,,,,,,262.62237548828125,
2025-02-21,META,,,,,,,682.4173583984375,,,
2025-02-21,MSFT,,,407.4619445800781,,,,,,,
2025-02-21,NFLX,,,,,,,,1003.1500244140625,,
2025-02-21,NVDA,,,,,,134.40829467773438,,,,
2025-02-21,TSLA,,337.79998779296875,,,,,,,,
2025-02-24,AAPL,246.77639770507812,,,,,,,,,
2025-02-24,AMZN,,,,,212.7100067138672,,,,,
2025-02-24,BAC,,,,,,,,,,43.9223518371582
2025-02-24,GOOG,,,,180.7665252685547,,,,,,
2025-02-24,JPM,,,,,,,,,259.7401123046875,
2025-02-24,META,,,,,,,667.0228881835938,,,
2025-02-24,MSFT,,,403.2596740722656,,,,,,,
2025-02-24,NFLX,,,,,,,,988.469970703125,,
2025-02-24,NVDA,,,,,,130.25897216796875,,,,
2025-02-24,TSLA,,330.5299987792969,,,,,,,,
2025-02-25,AAPL,246.71646118164062,,,,,,,,,
2025-02-25,AMZN,,,,,212.8000030517578,,,,,
2025-02-25,BAC,,,,,,,,,,43.40863800048828
2025-02-25,GOOG,,,,176.95545959472656,,,,,,
2025-02-25,JPM,,,,,,,,,255.82423400878906,
2025-02-25,META,,,,,,,656.4105224609375,,,
2025-02-25,MSFT,,,397.17083740234375,,,,,,,
2025-02-25,NFLX,,,,,,,,977.239990234375,,
2025-02-25,NVDA,,,,,,126.60955810546875,,,,
2025-02-25,TSLA,,302.79998779296875,,,,,,,,
2025-02-26,AAPL,240.0452117919922,,,,,,,,,
2025-02-26,AMZN,,,,,214.35000610351562,,,,,
2025-02-26,BAC,,,,,,,,,,43.40863800048828
2025-02-26,GOOG,,,,174.2917022705078,,,,,,
2025-02-26,JPM,,,,,,,,,257.20574951171875,
2025-02-26,META,,,,,,,672.5836791992188,,,
2025-02-26,MSFT,,,398.99749755859375,,,,,,,
2025-02-26,NFLX,,,,,,,,990.0599975585938,,
2025-02-26,NVDA,,,,,,131.25881958007812,,,,
2025-02-26,TSLA,,290.79998779296875,,,,,,,,
2025-02-27,AAPL,236.98922729492188,,,,,,,,,
2025-02-27,AMZN,,,,,208.74000549316406,,,,,
2025-02-27,BAC,,,,,,,,,,43.58646011352539
2025-02-27,GOOG,,,,169.81219482421875,,,,,,
2025-02-27,JPM,,,,,,,,,257.4641418457031,
2025-02-27,META,,,,,,,657.1492309570312,,,
2025-02-27,MSFT,,,391.8106994628906,,,,,,,
2025-02-27,NFLX,,,,,,,,963.0700073242188,,
2025-02-27,NVDA,,,,,,120.13060760498047,,,,
2025-02-27,TSLA,,281.95001220703125,,,,,,,,
2025-02-28,AAPL,241.5232696533203,,,,,,,,,
2025-02-28,AMZN,,,,,212.27999877929688,,,,,
2025-02-28,BAC,,,,,,,,,,45.54251480102539
2025-02-28,GOOG,,,,171.8175048828125,,,,,,
2025-02-28,JPM,,,,,,,,,263.02984619140625,
2025-02-28,META,,,,,,,667.0927734375,,,
2025-02-28,MSFT,,,396.26251220703125,,,,,,,
2025-02-28,NFLX,,,,,,,,980.5599975585938,,
2025-02-28,NVDA,,,,,,124.89983367919922,,,,
2025-02-28,TSLA,,292.9800109863281,,,,,,,,
2025-03-03,AAPL,237.71826171875,,,,,,,,,
2025-03-03,AMZN,,,,,205.02000427246094,,,,,
2025-03-03,BAC,,,,,,,,,,45.00905227661133
2025-03-03,GOOG,,,,168.2658233642578,,,,,,
2025-03-03,JPM,,,,,,,,,259.0245361328125,
2025-03-03,META,,,,,,,653.964599609375,,,
2025-03-03,MSFT,,,387.778076171875,,,,,,,
2025-03-03,NFLX,,,,,,,,973.7000122070312,,
2025-03-03,NVDA,,,,,,114.04158782958984,,,,
2025-03-03,TSLA,,284.6499938964844,,,,,,,,
2025-03-04,AAPL,235.6210174560547,,,,,,,,,
2025-03-04,AMZN,,,,,203.8000030517578,,,,,
2025-03-04,BAC,,,,,,,,,,42.153995513916016
2025-03-04,GOOG,,,,172.2065887451172,,,,,,
2025-03-04,JPM,,,,,,,,,248.718017578125,
2025-03-04,META,,,,,,,638.9395141601562,,,
2025-03-04,MSFT,,,387.8978576660156,,,,,,,
2025-03-04,NFLX,,,,,,,,972.5800170898438,,
2025-03-04,NVDA,,,,,,115.97127532958984,,,,
2025-03-04,TSLA,,272.0400085449219,,,,,,,,
2025-03-05,AAPL,235.4312744140625,,,,,,,,,
2025-03-05,AMZN,,,,,208.36000061035156,,,,,
2025-03-05,BAC,,,,,,,,,,41.77859115600586
2025-03-05,GOOG,,,,174.58102416992188,,,,,,
2025-03-05,JPM,,,,,,,,,249.99017333984375,
2025-03-05,META,,,,,,,655.3822021484375,,,
2025-03-05,MSFT,,,400.2851257324219,,,,,,,
2025-03-05,NFLX,,,,,,,,990.9199829101562,,
2025-03-05,NVDA,,,,,,117.28106689453125,,,,
2025-03-05,TSLA,,279.1000061035156,,,,,,,,
2025-03-06,AAPL,235.0218048095703,,,,,,,,,
2025-03-06,AMZN,,,,,200.6999969482422,,,,,
2025-03-06,BAC,,,,,,,,,,40.9586296081543
2025-03-06,GOOG,,,,173.80284118652344,,,,,,
2025-03-06,JPM,,,,,,,,,245.0307159423828,
2025-03-06,META,,,,,,,626.8894653320312,,,
2025-03-06,MSFT,,,396.1627197265625,,,,,,,
2025-03-06,NFLX,,,,,,,,906.3599853515625,,
2025-03-06,NVDA,,,,,,110.55215454101562,,,,
2025-03-06,TSLA,,263.45001220703125,,,,,,,,
2025-03-07,AAPL,238.7569122314453,,,,,,,,,
2025-03-07,AMZN,,,,,199.25,,,,,
2025-03-07,BAC,,,,,,,,,,41.1574592590332
2025-03-07,GOOG,,,,175.33924865722656,,,,,,
2025-03-07,JPM,,,,,,,,,240.7967987060547,
2025-03-07,META,,,,,,,624.6232299804688,,,
2025-03-07,MSFT,,,392.5892639160156,,,,,,,
2025-03-07,NFLX,,,,,,,,891.1099853515625,,
2025-03-07,NVDA,,,,,,112.67181396484375,,,,
2025-03-07,TSLA,,262.6700134277344,,,,,,,,
2025-03-10,AAPL,227.1820831298828,,,,,,,,,
2025-03-10,AMZN,,,,,194.5399932861328,,,,,
2025-03-10,BAC,,,,,,,,,,39.596656799316406
2025-03-10,GOOG,,,,167.60853576660156,,,,,,
2025-03-10,JPM,,,,,,,,,230.79840087890625,
2025-03-10,META,,,,,,,596.9990844726562,,,
2025-03-10,MSFT,,,379.46337890625,,,,,,,
2025-03-10,NFLX,,,,,,,,866.6799926757812,,
2025-03-10,NVDA,,,,,,106.96273040771484,,,,
2025-03-10,TSLA,,222.14999389648438,,,,,,,,
2025-03-11,AAPL,220.55078125,,,,,,,,,
2025-03-11,AMZN,,,,,196.58999633789062,,,,,
2025-03-11,BAC,,,,,,,,,,39.37794494628906
2025-03-11,GOOG,,,,165.78073120117188,,,,,,
2025-03-11,JPM,,,,,,,,,227.73724365234375,
2025-03-11,META,,,,,,,604.7063598632812,,,
2025-03-11,MSFT,,,379.7528381347656,,,,,,,
2025-03-11,NFLX,,,,,,,,895.0999755859375,,
2025-03-11,NVDA,,,,,,108.74244689941406,,,,
2025-03-11,TSLA,,230.5800018310547,,,,,,,,
2025-03-12,AAPL,216.69583129882812,,,,,,,,,
2025-03-12,AMZN,,,,,198.88999938964844,,,,,
2025-03-12,BAC,,,,,,,,,,39.67618942260742
2025-03-12,GOOG,,,,168.79710388183594,,,,,,
2025-03-12,JPM,,,,,,,,,226.5048370361328,
2025-03-12,META,,,,,,,618.5333862304688,,,
2025-03-12,MSFT,,,382.5676574707031,,,,,,,
2025-03-12,NFLX,,,,,,,,919.6799926757812,,
2025-03-12,NVDA,,,,,,115.73196411132812,,,,
2025-03-12,TSLA,,248.08999633789062,,,,,,,,
2025-03-13,AAPL,209.4053955078125,,,,,,,,,
2025-03-13,AMZN,,,,,193.88999938964844,,,,,
2025-03-13,BAC,,,,,,,,,,39.437591552734375
2025-03-13,GOOG,,,,164.5322265625,,,,,,
2025-03-13,JPM,,,,,,,,,223.81143188476562,
2025-03-13,META,,,,,,,589.6613159179688,,,
2025-03-13,MSFT,,,378.0758972167969,,,,,,,
2025-03-13,NFLX,,,,,,,,890.1699829101562,,
2025-03-13,NVDA,,,,,,115.57197570800781,,,,
2025-03-13,TSLA,,240.67999267578125,,,,,,,,
2025-03-14,AAPL,213.21041870117188,,,,,,,,,
2025-03-14,AMZN,,,,,197.9499969482422,,,,,
2025-03-14,BAC,,,,,,,,,,40.650447845458984
2025-03-14,GOOG,,,,167.41876220703125,,,,,,
2025-03-14,JPM,,,,,,,,,231.0170440673828,
2025-03-14,META,,,,,,,607.1328125,,,
2025-03-14,MSFT,,,387.84796142578125,,,,,,,
2025-03-14,NFLX,,,,,,,,918.0,,
2025-03-14,NVDA,,,,,,121.66155242919922,,,,
2025-03-14,TSLA,,249.97999572753906,,,,,,,,
2025-03-17,AAPL,213.71974182128906,,,,,,,,,
2025-03-17,AMZN,,,,,195.74000549316406,,,,,
2025-03-17,BAC,,,,,,,,,,41.19722366333008
2025-03-17,GOOG,,,,166.37002563476562,,,,,,
2025-03-17,JPM,,,,,,,,,232.49790954589844,
2025-03-17,META,,,,,,,604.4349365234375,,,
2025-03-17,MSFT,,,387.98773193359375,,,,,,,
2025-03-17,NFLX,,,,,,,,950.02001953125,,
2025-03-17,NVDA,,,,,,119.52169799804688,,,,
2025-03-17,TSLA,,238.00999450683594,,,,,,,,
2025-03-18,AAPL,212.4114532470703,,,,,,,,,
2025-03-18,AMZN,,,,,192.82000732421875,,,,,
2025-03-18,BAC,,,,,,,,,,41.4059944152832
2025-03-18,GOOG,,,,162.47470092773438,,,,,,
2025-03-18,JPM,,,,,,,,,233.53155517578125,
2025-03-18,META,,,,,,,581.9122314453125,,,
2025-03-18,MSFT,,,382.81719970703125,,,,,,,
2025-03-18,NFLX,,,,,,,,929.97998046875,,
2025-03-18,NVDA,,,,,,115.42198181152344,,,,
2025-03-18,TSLA,,225.30999755859375,,,,,,,,
2025-03-19,AAPL,214.95811462402344,,,,,,,,,
2025-03-19,AMZN,,,,,195.5399932861328,,,,,
2025-03-19,BAC,,,,,,,,,,41.962711334228516
2025-03-19,GOOG,,,,166.0803680419922,,,,,,
2025-03-19,JPM,,,,,,,,,237.64620971679688,
2025-03-19,META,,,,,,,583.6109619140625,,,
2025-03-19,MSFT,,,387.1093444824219,,,,,,,
2025-03-19,NFLX,,,,,,,,959.489990234375,,
2025-03-19,NVDA,,,,,,117.51183319091797,,,,
2025-03-19,TSLA,,235.86000061035156,,,,,,,,
2025-03-20,AAPL,213.81961059570312,,,,,,,,,
2025-03-20,AMZN,,,,,194.9499969482422,,,,,
2025-03-20,BAC,,,,,,,,,,42.23113250732422
2025-03-20,GOOG,,,,164.8518524169922,,,,,,
2025-03-20,JPM,,,,,,,,,237.54681396484375,
2025-03-20,META,,,,,,,585.5494384765625,,,
2025-03-20,MSFT,,,386.131103515625,,,,,,,
2025-03-20,NFLX,,,,,,,,950.8400268554688,,
2025-03-20,NVDA,,,,,,118.52176666259766,,,,
2025-03-20,TSLA,,236.25999450683594,,,,,,,,
2025-03-21,AAPL,217.98414611816406,,,,,,,,,
2025-03-21,AMZN,,,,,196.2100067138672,,,,,
2025-03-21,BAC,,,,,,,,,,42.22119140625
2025-03-21,GOOG,,,,166.0504150390625,,,,,,
2025-03-21,JPM,,,,,,,,,240.15078735351562,
2025-03-21,META,,,,,,,595.7915649414062,,,
2025-03-21,MSFT,,,390.54302978515625,,,,,,,
2025-03-21,NFLX,,,,,,,,960.2899780273438,,
2025-03-21,NVDA,,,,,,117.69182586669922,,,,
2025-03-21,TSLA,,248.7100067138672,,,,,,,,
2025-03-24,AAPL,220.44091796875,,,,,,,,,
2025-03-24,AMZN,,,,,203.25999450683594,,,,,
2025-03-24,BAC,,,,,,,,,,42.81767654418945
2025-03-24,GOOG,,,,169.72598266601562,,,,,,
2025-03-24,JPM,,,,,,,,,246.5414276123047,
2025-03-24,META,,,,,,,618.3742065429688,,,
2025-03-24,MSFT,,,392.35968017578125,,,,,,,
2025-03-24,NFLX,,,,,,,,971.989990234375,,
2025-03-24,NVDA,,,,,,121.40157318115234,,,,
2025-03-24,TSLA,,278.3900146484375,,,,,,,,
2025-03-25,AAPL,223.45697021484375,,,,,,,,,
2025-03-25,AMZN,,,,,205.7100067138672,,,,,
2025-03-25,BAC,,,,,,,,,,43.02644348144531
2025-03-25,GOOG,,,,172.58255004882812,,,,,,
2025-03-25,JPM,,,,,,,,,249.59263610839844,
2025-03-25,META,,,,,,,625.8284912109375,,,
2025-03-25,MSFT,,,394.4358825683594,,,,,,,
2025-03-25,NFLX,,,,,,,,997.280029296875,,
2025-03-25,NVDA,,,,,,120.68162536621094,,,,
2025-03-25,TSLA,,288.1400146484375,,,,,,,,
2025-03-26,AAPL,221.2398681640625,,,,,,,,,
2025-03-26,AMZN,,,,,201.1300048828125,,,,,
2025-03-26,BAC,,,,,,,,,,42.56914138793945
2025-03-26,GOOG,,,,166.9393310546875,,,,,,
2025-03-26,JPM,,,,,,,,,249.4932403564453,
2025-03-26,META,,,,,,,610.51025390625,,,
2025-03-26,MSFT,,,389.2554016113281,,,,,,,
2025-03-26,NFLX,,,,,,,,970.6500244140625,,
2025-03-26,NVDA,,,,,,113.75210571289062,,,,
2025-03-26,TSLA,,272.05999755859375,,,,,,,,
2025-03-27,AAPL,223.5568389892578,,,,,,,,,
2025-03-27,AMZN,,,,,201.36000061035156,,,,,
2025-03-27,BAC,,,,,,,,,,42.310665130615234
2025-03-27,GOOG,,,,163.8830108642578,,,,,,
2025-03-27,JPM,,,,,,,,,246.60104370117188,
2025-03-27,META,,,,,,,602.11669921875,,,
2025-03-27,MSFT,,,389.8642578125,,,,,,,
2025-03-27,NFLX,,,,,,,,976.719970703125,,
2025-03-27,NVDA,,,,,,111.4222640991211,,,,
2025-03-27,TSLA,,273.1300048828125,,,,,,,,
2025-03-28,AAPL,217.6146240234375,,,,,,,,,
2025-03-28,AMZN,,,,,192.72000122070312,,,,,
2025-03-28,BAC,,,,,,,,,,41.008338928222656
2025-03-28,GOOG,,,,155.8726348876953,,,,,,
2025-03-28,JPM,,,,,,,,,241.3633270263672,
2025-03-28,META,,,,,,,576.2965698242188,,,
2025-03-28,MSFT,,,378.1058349609375,,,,,,,
2025-03-28,NFLX,,,,,,,,933.8499755859375,,
2025-03-28,NVDA,,,,,,109.66238403320312,,,,
2025-03-28,TSLA,,263.54998779296875,,,,,,,,
2025-03-31,AAPL,221.83909606933594,,,,,,,,,
2025-03-31,AMZN,,,,,190.25999450683594,,,,,
2025-03-31,BAC,,,,,,,,,,41.48552703857422
2025-03-31,GOOG,,,,156.0424346923828,,,,,,
2025-03-31,JPM,,,,,,,,,243.79832458496094,
2025-03-31,META,,,,,,,575.9168701171875,,,
2025-03-31,MSFT,,,374.7021179199219,,,,,,,
2025-03-31,NFLX,,,,,,,,932.530029296875,,
2025-03-31,NVDA,,,,,,108.37247467041016,,,,
2025-03-31,TSLA,,259.1600036621094,,,,,,,,
2025-04-01,AAPL,222.897705078125,,,,,,,,,
2025-04-01,AMZN,,,,,192.1699981689453,,,,,
2025-04-01,BAC,,,,,,,,,,41.24693298339844
2025-04-01,GOOG,,,,158.6892547607422,,,,,,
2025-04-01,JPM,,,,,,,,,242.16836547851562,
2025-04-01,META,,,,,,,585.5494384765625,,,
2025-04-01,MSFT,,,381.4896545410156,,,,,,,
2025-04-01,NFLX,,,,,,,,928.3800048828125,,
2025-04-01,NVDA,,,,,,110.14234924316406,,,,
2025-04-01,TSLA,,268.4599914550781,,,,,,,,
2025-04-02,AAPL,223.59678649902344,,,,,,,,,
2025-04-02,AMZN,,,,,196.00999450683594,,,,,
2025-04-02,BAC,,,,,,,,,,41.604820251464844
2025-04-02,GOOG,,,,158.66928100585938,,,,,,
2025-04-02,JPM,,,,,,,,,244.3151397705078,
2025-04-02,META,,,,,,,583.4810180664062,,,
2025-04-02,MSFT,,,381.43975830078125,,,,,,,
2025-04-02,NFLX,,,,,,,,935.52001953125,,
2025-04-02,NVDA,,,,,,110.4123306274414,,,,
2025-04-02,TSLA,,282.760009765625,,,,,,,,
2025-04-03,AAPL,202.9239044189453,,,,,,,,,
2025-04-03,AMZN,,,,,178.41000366210938,,,,,
2025-04-03,BAC,,,,,,,,,,37.001949310302734
2025-04-03,GOOG,,,,152.44676208496094,,,,,,
2025-04-03,JPM,,,,,,,,,227.29000854492188,
2025-04-03,META,,,,,,,531.2112426757812,,,
2025-04-03,MSFT,,,372.42626953125,,,,,,,
2025-04-03,NFLX,,,,,,,,917.0499877929688,,
2025-04-03,NVDA,,,,,,101.79293060302734,,,,
2025-04-03,TSLA,,267.2799987792969,,,,,,,,
2025-04-04,AAPL,188.13330078125,,,,,,,,,
2025-04-04,AMZN,,,,,171.0,,,,,
2025-04-04,BAC,,,,,,,,,,34.18852615356445
2025-04-04,GOOG,,,,147.56263732910156,,,,,,
2025-04-04,JPM,,,,,,,,,210.27999877929688,
2025-04-04,META,,,,,,,504.3419494628906,,,
2025-04-04,MSFT,,,359.18060302734375,,,,,,,
2025-04-04,NFLX,,,,,,,,855.8599853515625,,
2025-04-04,NVDA,,,,,,94.30345153808594,,,,
2025-04-04,TSLA,,239.42999267578125,,,,,,,,
2025-04-07,AAPL,181.2223663330078,,,,,,,,,
2025-04-07,AMZN,,,,,175.25999450683594,,,,,
2025-04-07,BAC,,,,,,,,,,35.37155532836914
2025-04-07,GOOG,,,,149.0608367919922,,,,,,
2025-04-07,JPM,,,,,,,,,214.44000244140625,
2025-04-07,META,,,,,,,515.8530883789062,,,
2025-04-07,MSFT,,,357.2042236328125,,,,,,,
2025-04-07,NFLX,,,,,,,,867.8300170898438,,
2025-04-07,NVDA,,,,,,97.63321685791016,,,,
2025-04-07,TSLA,,233.2899932861328,,,,,,,,
2025-04-08,AAPL,172.19419860839844,,,,,,,,,
2025-04-08,AMZN,,,,,170.66000366210938,,,,,
2025-04-08,BAC,,,,,,,,,,34.82477569580078
2025-04-08,GOOG,,,,146.40402221679688,,,,,,
2025-04-08,JPM,,,,,,,,,216.8699951171875,
2025-04-08,META,,,,,,,510.05755615234375,,,
2025-04-08,MSFT,,,353.9102783203125,,,,,,,
2025-04-08,NFLX,,,,,,,,870.4000244140625,,
2025-04-08,NVDA,,,,,,96.29331970214844,,,,
2025-04-08,TSLA,,221.86000061035156,,,,,,,,
2025-04-09,AAPL,198.58958435058594,,,,,,,,,
2025-04-09,AMZN,,,,,191.10000610351562,,,,,
2025-04-09,BAC,,,,,,,,,,36.93235778808594
2025-04-09,GOOG,,,,160.86663818359375,,,,,,
2025-04-09,JPM,,,,,,,,,234.33999633789062,
2025-04-09,META,,,,,,,585.3196411132812,,,
2025-04-09,MSFT,,,389.7744140625,,,,,,,
2025-04-09,NFLX,,,,,,,,945.469970703125,,
2025-04-09,NVDA,,,,,,114.32205963134766,,,,
2025-04-09,TSLA,,272.20001220703125,,,,,,,,
2025-04-10,AAPL,190.17062377929688,,,,,,,,,
2025-04-10,AMZN,,,,,181.22000122070312,,,,,
2025-04-10,BAC,,,,,,,,,,35.63997268676758
2025-04-10,GOOG,,,,155.1834716796875,,,,,,
2025-04-10,JPM,,,,,,,,,227.11000061035156,
2025-04-10,META,,,,,,,545.8699951171875,,,
2025-04-10,MSFT,,,380.65118408203125,,,,,,,
2025-04-10,NFLX,,,,,,,,921.1699829101562,,
2025-04-10,NVDA,,,,,,107.56253051757812,,,,
2025-04-10,TSLA,,252.39999389648438,,,,,,,,
2025-04-11,AAPL,197.89048767089844,,,,,,,,,
2025-04-11,AMZN,,,,,184.8699951171875,,,,,
2025-04-11,BAC,,,,,,,,,,35.73938751220703
2025-04-11,GOOG,,,,159.2086181640625,,,,,,
2025-04-11,JPM,,,,,,,,,236.1999969482422,
2025-04-11,META,,,,,,,543.152099609375,,,
2025-04-11,MSFT,,,387.7381896972656,,,,,,,
2025-04-11,NFLX,,,,,,,,918.2899780273438,,
2025-04-11,NVDA,,,,,,110.92229461669922,,,,
2025-04-11,TSLA,,252.30999755859375,,,,,,,,
2025-04-14,AAPL,202.25477600097656,,,,,,,,,
2025-04-14,AMZN,,,,,182.1199951171875,,,,,
2025-04-14,BAC,,,,,,,,,,36.45516586303711
2025-04-14,GOOG,,,,161.27615356445312,,,,,,
2025-04-14,JPM,,,,,,,,,234.72000122070312,
2025-04-14,META,,,,,,,531.0713500976562,,,
2025-04-14,MSFT,,,387.0993347167969,,,,,,,
2025-04-14,NFLX,,,,,,,,931.280029296875,,
2025-04-14,NVDA,,,,,,110.70230865478516,,,,
2025-04-14,TSLA,,252.35000610351562,,,,,,,,
2025-04-15,AAPL,201.87527465820312,,,,,,,,,
2025-04-15,AMZN,,,,,179.58999633789062,,,,,
2025-04-15,BAC,,,,,,,,,,37.76743698120117
2025-04-15,GOOG,,,,158.48948669433594,,,,,,
2025-04-15,JPM,,,,,,,,,233.1300048828125,
2025-04-15,META,,,,,,,521.1190795898438,,,
2025-04-15,MSFT,,,385.0231628417969,,,,,,,
2025-04-15,NFLX,,,,,,,,976.280029296875,,
2025-04-15,NVDA,,,,,,112.19220733642578,,,,
2025-04-15,TSLA,,254.11000061035156,,,,,,,,
2025-04-16,AAPL,194.0155792236328,,,,,,,,,
2025-04-16,AMZN,,,,,174.3300018310547,,,,,
2025-04-16,BAC,,,,,,,,,,37.111305236816406
2025-04-16,GOOG,,,,155.3133087158203,,,,,,
2025-04-16,JPM,,,,,,,,,229.61000061035156,
2025-04-16,META,,,,,,,501.9237976074219,,,
2025-04-16,MSFT,,,370.92901611328125,,,,,,,
2025-04-16,NFLX,,,,,,,,961.6300048828125,,
2025-04-16,NVDA,,,,,,104.48274230957031,,,,
2025-04-16,TSLA,,241.5500030517578,,,,,,,,
2025-04-17,AAPL,196.72203063964844,,,,,,,,,
2025-04-17,AMZN,,,,,172.61000061035156,,,,,
2025-04-17,BAC,,,,,,,,,,37.190834045410156
2025-04-17,GOOG,,,,153.17588806152344,,,,,,
2025-04-17,JPM,,,,,,,,,231.9600067138672,
2025-04-17,META,,,,,,,501.0944519042969,,,
2025-04-17,MSFT,,,367.1060485839844,,,,,,,
2025-04-17,NFLX,,,,,,,,973.030029296875,,
2025-04-17,NVDA,,,,,,101.48294830322266,,,,
2025-04-17,TSLA,,241.3699951171875,,,,,,,,
2025-04-21,AAPL,192.9070281982422,,,,,,,,,
2025-04-21,AMZN,,,,,167.32000732421875,,,,,
2025-04-21,BAC,,,,,,,,,,36.703704833984375
2025-04-21,GOOG,,,,149.68008422851562,,,,,,
2025-04-21,JPM,,,,,,,,,228.99000549316406,
2025-04-21,META,,,,,,,484.2873840332031,,,
2025-04-21,MSFT,,,358.4619140625,,,,,,,
2025-04-21,NFLX,,,,,,,,987.9099731445312,,
2025-04-21,NVDA,,,,,,96.90327453613281,,,,
2025-04-21,TSLA,,227.5,,,,,,,,
2025-04-22,AAPL,199.47842407226562,,,,,,,,,
2025-04-22,AMZN,,,,,173.17999267578125,,,,,
2025-04-22,BAC,,,,,,,,,,38.09550094604492
2025-04-22,GOOG,,,,153.71522521972656,,,,,,
2025-04-22,JPM,,,,,,,,,235.58999633789062,
2025-04-22,META,,,,,,,499.8953552246094,,,
2025-04-22,MSFT,,,366.1478271484375,,,,,,,
2025-04-22,NFLX,,,,,,,,1040.3399658203125,,
2025-04-22,NVDA,,,,,,98.88313293457031,,,,
2025-04-22,TSLA,,237.97000122070312,,,,,,,,
2025-04-23,AAPL,204.33206176757812,,,,,,,,,
2025-04-23,AMZN,,,,,180.60000610351562,,,,,
2025-04-23,BAC,,,,,,,,,,38.52298355102539
2025-04-23,GOOG,,,,157.53065490722656,,,,,,
2025-04-23,JPM,,,,,,,,,240.8800048828125,
2025-04-23,META,,,,,,,519.8699951171875,,,
2025-04-23,MSFT,,,373.7039489746094,,,,,,,
2025-04-23,NFLX,,,,,,,,1049.5899658203125,,
2025-04-23,NVDA,,,,,,102.70286560058594,,,,
2025-04-23,TSLA,,250.74000549316406,,,,,,,,
2025-04-24,AAPL,208.09710693359375,,,,,,,,,
2025-04-24,AMZN,,,,,186.5399932861328,,,,,
2025-04-24,BAC,,,,,,,,,,39.348121643066406
2025-04-24,GOOG,,,,161.27615356445312,,,,,,
2025-04-24,JPM,,,,,,,,,244.63999938964844,
2025-04-24,META,,,,,,,532.7401123046875,,,
2025-04-24,MSFT,,,386.59027099609375,,,,,,,
2025-04-24,NFLX,,,,,,,,1096.8699951171875,,
2025-04-24,NVDA,,,,,,106.422607421875,,,,
2025-04-24,TSLA,,259.510009765625,,,,,,,,
2025-04-25,AAPL,209.00592041015625,,,,,,,,,
2025-04-25,AMZN,,,,,188.99000549316406,,,,,
2025-04-25,BAC,,,,,,,,,,39.45747375488281
2025-04-25,GOOG,,,,163.65328979492188,,,,,,
2025-04-25,JPM,,,,,,,,,243.5500030517578,
2025-04-25,META,,,,,,,546.8492431640625,,,
2025-04-25,MSFT,,,391.1319580078125,,,,,,,
2025-04-25,NFLX,,,,,,,,1101.530029296875,,
2025-04-25,NVDA,,,,,,111.0022964477539,,,,
2025-04-25,TSLA,,284.95001220703125,,,,,,,,
2025-04-28,AAPL,209.8647918701172,,,,,,,,,
2025-04-28,AMZN,,,,,187.6999969482422,,,,,
2025-04-28,BAC,,,,,,,,,,39.54694747924805
2025-04-28,GOOG,,,,162.22500610351562,,,,,,
2025-04-28,JPM,,,,,,,,,243.22000122070312,
2025-04-28,META,,,,,,,549.3173217773438,,,
2025-04-28,MSFT,,,390.4432067871094,,,,,,,
2025-04-28,NFLX,,,,,,,,1110.3800048828125,,
2025-04-28,NVDA,,,,,,108.72245025634766,,,,
2025-04-28,TSLA,,285.8800048828125,,,,,,,,
2025-04-29,AAPL,210.9333953857422,,,,,,,,,
2025-04-29,AMZN,,,,,187.38999938964844,,,,,
2025-04-29,BAC,,,,,,,,,,39.75572204589844
2025-04-29,GOOG,,,,161.8654327392578,,,,,,
2025-04-29,JPM,,,,,,,,,244.6199951171875,
2025-04-29,META,,,,,,,554.0137329101562,,,
2025-04-29,MSFT,,,393.31793212890625,,,,,,,
2025-04-29,NFLX,,,,,,,,1125.6400146484375,,
2025-04-29,NVDA,,,,,,109.0124282836914,,,,
2025-04-29,TSLA,,292.0299987792969,,,,,,,,
2025-04-30,AAPL,212.22171020507812,,,,,,,,,
2025-04-30,AMZN,,,,,184.4199981689453,,,,,
2025-04-30,BAC,,,,,,,,,,39.646366119384766
2025-04-30,GOOG,,,,160.69683837890625,,,,,,
2025-04-30,JPM,,,,,,,,,244.6199951171875,
2025-04-30,META,,,,,,,548.577880859375,,,
2025-04-30,MSFT,,,394.53570556640625,,,,,,,
2025-04-30,NFLX,,,,,,,,1131.719970703125,,
2025-04-30,NVDA,,,,,,108.91243743896484,,,,
2025-04-30,TSLA,,282.1600036621094,,,,,,,,
2025-05-01,AAPL,213.04063415527344,,,,,,,,,
2025-05-01,AMZN,,,,,190.1999969482422,,,,,
2025-05-01,BAC,,,,,,,,,,39.934661865234375
2025-05-01,GOOG,,,,162.5945587158203,,,,,,
2025-05-01,JPM,,,,,,,,,246.88999938964844,
2025-05-01,META,,,,,,,571.7700805664062,,,
2025-05-01,MSFT,,,424.6204528808594,,,,,,,
2025-05-01,NFLX,,,,,,,,1133.469970703125,,
2025-05-01,NVDA,,,,,,111.60224914550781,,,,
2025-05-01,TSLA,,280.5199890136719,,,,,,,,
2025-05-02,AAPL,205.08106994628906,,,,,,,,,
2025-05-02,AMZN,,,,,189.97999572753906,,,,,
2025-05-02,BAC,,,,,,,,,,40.82939147949219
2025-05-02,GOOG,,,,165.61093139648438,,,,,,
2025-05-02,JPM,,,,,,,,,252.50999450683594,
2025-05-02,META,,,,,,,596.56103515625,,,
2025-05-02,MSFT,,,434.48236083984375,,,,,,,
2025-05-02,NFLX,,,,,,,,1156.489990234375,,
2025-05-02,NVDA,,,,,,114.49205017089844,,,,
2025-05-02,TSLA,,287.2099914550781,,,,,,,,
2025-05-05,AAPL,198.62953186035156,,,,,,,,,
2025-05-05,AMZN,,,,,186.35000610351562,,,,,
2025-05-05,BAC,,,,,,,,,,40.87909698486328
2025-05-05,GOOG,,,,165.85064697265625,,,,,,
2025-05-05,JPM,,,,,,,,,252.55999755859375,
2025-05-05,META,,,,,,,598.8092651367188,,,
2025-05-05,MSFT,,,435.3707275390625,,,,,,,
2025-05-05,NFLX,,,,,,,,1134.06005859375,,
2025-05-05,NVDA,,,,,,113.81209564208984,,,,
2025-05-05,TSLA,,280.260009765625,,,,,,,,
2025-05-06,AAPL,198.25001525878906,,,,,,,,,
2025-05-06,AMZN,,,,,185.00999450683594,,,,,
2025-05-06,BAC,,,,,,,,,,40.600738525390625
2025-05-06,GOOG,,,,165.0016632080078,,,,,,
2025-05-06,JPM,,,,,,,,,249.25,
2025-05-06,META,,,,,,,586.8584594726562,,,
2025-05-06,MSFT,,,432.5159606933594,,,,,,,
2025-05-06,NFLX,,,,,,,,1137.68994140625,,
2025-05-06,NVDA,,,,,,113.53211975097656,,,,
2025-05-06,TSLA,,275.3500061035156,,,,,,,,
2025-05-07,AAPL,195.99298095703125,,,,,,,,,
2025-05-07,AMZN,,,,,188.7100067138672,,,,,
2025-05-07,BAC,,,,,,,,,,40.69021224975586
2025-05-07,GOOG,,,,152.61656188964844,,,,,,
2025-05-07,JPM,,,,,,,,,249.38999938964844,
2025-05-07,META,,,,,,,596.3511352539062,,,
2025-05-07,MSFT,,,432.555908203125,,,,,,,
2025-05-07,NFLX,,,,,,,,1155.4100341796875,,
2025-05-07,NVDA,,,,,,117.05187225341797,,,,
2025-05-07,TSLA,,276.2200012207031,,,,,,,,
2025-05-08,AAPL,197.2313690185547,,,,,,,,,
2025-05-08,AMZN,,,,,192.0800018310547,,,,,
2025-05-08,BAC,,,,,,,,,,41.356285095214844
2025-05-08,GOOG,,,,155.56301879882812,,,,,,
2025-05-08,JPM,,,,,,,,,253.47000122070312,
2025-05-08,META,,,,,,,597.5502319335938,,,
2025-05-08,MSFT,,,437.3670654296875,,,,,,,
2025-05-08,NFLX,,,,,,,,1144.4300537109375,,
2025-05-08,NVDA,,,,,,117.36185455322266,,,,
2025-05-08,TSLA,,284.82000732421875,,,,,,,,
2025-05-09,AAPL,198.27000427246094,,,,,,,,,
2025-05-09,AMZN,,,,,193.05999755859375,,,,,
2025-05-09,BAC,,,,,,,,,,41.54517364501953
2025-05-09,GOOG,,,,154.1946563720703,,,,,,
2025-05-09,JPM,,,,,,,,,253.0800018310547,
2025-05-09,META,,,,,,,592.0344848632812,,,
2025-05-09,MSFT,,,437.9260559082031,,,,,,,
2025-05-09,NFLX,,,,,,,,1140.219970703125,,
2025-05-09,NVDA,,,,,,116.64189910888672,,,,
2025-05-09,TSLA,,298.260009765625,,,,,,,,
2025-05-12,AAPL,210.7899932861328,,,,,,,,,
2025-05-12,AMZN,,,,,208.63999938964844,,,,,
2025-05-12,BAC,,,,,,,,,,43.10597610473633
2025-05-12,GOOG,,,,159.38841247558594,,,,,,
2025-05-12,JPM,,,,,,,,,260.04998779296875,
2025-05-12,META,,,,,,,638.9383544921875,,,
2025-05-12,MSFT,,,448.4367370605469,,,,,,,
2025-05-12,NFLX,,,,,,,,1110.0,,
2025-05-12,NVDA,,,,,,122.99146270751953,,,,
2025-05-12,TSLA,,318.3800048828125,,,,,,,,
2025-05-13,AAPL,212.92999267578125,,,,,,,,,
2025-05-13,AMZN,,,,,211.3699951171875,,,,,
2025-05-13,BAC,,,,,,,,,,44.02058410644531
2025-05-13,GOOG,,,,160.69683837890625,,,,,,
2025-05-13,JPM,,,,,,,,,263.010009765625,
2025-05-13,META,,,,,,,655.525634765625,,,
2025-05-13,MSFT,,,448.3169860839844,,,,,,,
2025-05-13,NFLX,,,,,,,,1138.43994140625,,
2025-05-13,NVDA,,,,,,129.9209747314453,,,,
2025-05-13,TSLA,,334.07000732421875,,,,,,,,
2025-05-14,AAPL,212.3300018310547,,,,,,,,,
2025-05-14,AMZN,,,,,210.25,,,,,
2025-05-14,BAC,,,,,,,,,,44.4778938293457
2025-05-14,GOOG,,,,166.60972595214844,,,,,,
2025-05-14,JPM,,,,,,,,,265.6400146484375,
2025-05-14,META,,,,,,,658.85302734375,,,
2025-05-14,MSFT,,,452.1099853515625,,,,,,,
2025-05-14,NFLX,,,,,,,,1150.989990234375,,
2025-05-14,NVDA,,,,,,135.33059692382812,,,,
2025-05-14,TSLA,,347.67999267578125,,,,,,,,
2025-05-15,AAPL,211.4499969482422,,,,,,,,,
2025-05-15,AMZN,,,,,205.1699981689453,,,,,
2025-05-15,BAC,,,,,,,,,,44.12000274658203
2025-05-15,GOOG,,,,165.201416015625,,,,,,
2025-05-15,JPM,,,,,,,,,267.489990234375,
2025-05-15,META,,,,,,,643.3849487304688,,,
2025-05-15,MSFT,,,453.1300048828125,,,,,,,
2025-05-15,NFLX,,,,,,,,1177.97998046875,,
2025-05-15,NVDA,,,,,,134.8206329345703,,,,
2025-05-15,TSLA,,342.82000732421875,,,,,,,,
2025-05-16,AAPL,211.25999450683594,,,,,,,,,
2025-05-16,AMZN,,,,,205.58999633789062,,,,,
2025-05-16,BAC,,,,,,,,,,44.428184509277344
2025-05-16,GOOG,,,,167.22898864746094,,,,,,
2025-05-16,JPM,,,,,,,,,267.55999755859375,
2025-05-16,META,,,,,,,639.8477172851562,,,
2025-05-16,MSFT,,,454.2699890136719,,,,,,,
2025-05-16,NFLX,,,,,,,,1191.530029296875,,
2025-05-16,NVDA,,,,,,135.39059448242188,,,,
2025-05-16,TSLA,,349.9800109863281,,,,,,,,
2025-05-19,AAPL,208.77999877929688,,,,,,,,,
2025-05-19,AMZN,,,,,206.16000366210938,,,,,
2025-05-19,BAC,,,,,,,,,,44.50771713256836
2025-05-19,GOOG,,,,167.66845703125,,,,,,
2025-05-19,JPM,,,,,,,,,264.8800048828125,
2025-05-19,META,,,,,,,639.9376220703125,,,
2025-05-19,MSFT,,,458.8699951171875,,,,,,,
2025-05-19,NFLX,,,,,,,,1191.6400146484375,,
2025-05-19,NVDA,,,,,,135.5605926513672,,,,
2025-05-19,TSLA,,342.0899963378906,,,,,,,,
2025-05-20,AAPL,206.86000061035156,,,,,,,,,
2025-05-20,AMZN,,,,,204.07000732421875,,,,,
2025-05-20,BAC,,,,,,,,,,44.428184509277344
2025-05-20,GOOG,,,,165.1215362548828,,,,,,
2025-05-20,JPM,,,,,,,,,265.67999267578125,
2025-05-20,META,,,,,,,636.6101684570312,,,
2025-05-20,MSFT,,,458.1700134277344,,,,,,,
2025-05-20,NFLX,,,,,,,,1192.02001953125,,
2025-05-20,NVDA,,,,,,134.37066650390625,,,,
2025-05-20,TSLA,,343.82000732421875,,,,,,,,
2025-05-21,AAPL,202.08999633789062,,,,,,,,,
2025-05-21,AMZN,,,,,201.1199951171875,,,,,
2025-05-21,BAC,,,,,,,,,,42.996620178222656
2025-05-21,GOOG,,,,169.8558349609375,,,,,,
2025-05-21,JPM,,,,,,,,,261.0400085449219,
2025-05-21,META,,,,,,,635.0114135742188,,,
2025-05-21,MSFT,,,452.57000732421875,,,,,,,
2025-05-21,NFLX,,,,,,,,1194.6300048828125,,
2025-05-21,NVDA,,,,,,131.7908477783203,,,,
2025-05-21,TSLA,,334.6199951171875,,,,,,,,
2025-05-22,AAPL,201.36000061035156,,,,,,,,,
2025-05-22,AMZN,,,,,203.10000610351562,,,,,
2025-05-22,BAC,,,,,,,,,,43.056270599365234
2025-05-22,GOOG,,,,171.77352905273438,,,,,,
2025-05-22,JPM,,,,,,,,,260.6700134277344,
2025-05-22,META,,,,,,,636.08056640625,,,
2025-05-22,MSFT,,,454.8599853515625,,,,,,,
2025-05-22,NFLX,,,,,,,,1187.969970703125,,
2025-05-22,NVDA,,,,,,132.82078552246094,,,,
2025-05-22,TSLA,,341.0400085449219,,,,,,,,
2025-05-23,AAPL,195.27000427246094,,,,,,,,,
2025-05-23,AMZN,,,,,200.99000549316406,,,,,
2025-05-23,BAC,,,,,,,,,,42.94691467285156
2025-05-23,GOOG,,,,169.3863983154297,,,,,,
2025-05-23,JPM,,,,,,,,,260.7099914550781,
2025-05-23,META,,,,,,,626.577880859375,,,
2025-05-23,MSFT,,,450.17999267578125,,,,,,,
2025-05-23,NFLX,,,,,,,,1185.3900146484375,,
2025-05-23,NVDA,,,,,,131.2808837890625,,,,
2025-05-23,TSLA,,339.3399963378906,,,,,,,,
2025-05-27,AAPL,200.2100067138672,,,,,,,,,
2025-05-27,AMZN,,,,,206.02000427246094,,,,,
2025-05-27,BAC,,,,,,,,,,43.9609375
2025-05-27,GOOG,,,,173.7711181640625,,,,,,
2025-05-27,JPM,,,,,,,,,265.2900085449219,
2025-05-27,META,,,,,,,641.826171875,,,
2025-05-27,MSFT,,,460.69000244140625,,,,,,,
2025-05-27,NFLX,,,,,,,,1211.5699462890625,,
2025-05-27,NVDA,,,,,,135.49058532714844,,,,
2025-05-27,TSLA,,362.8900146484375,,,,,,,,
2025-05-28,AAPL,200.4199981689453,,,,,,,,,
2025-05-28,AMZN,,,,,204.72000122070312,,,,,
2025-05-28,BAC,,,,,,,,,,43.801876068115234
2025-05-28,GOOG,,,,173.17185974121094,,,,,,
2025-05-28,JPM,,,,,,,,,263.489990234375,
2025-05-28,META,,,,,,,643.085205078125,,,
2025-05-28,MSFT,,,457.3599853515625,,,,,,,
2025-05-28,NFLX,,,,,,,,1208.550048828125,,
2025-05-28,NVDA,,,,,,134.80064392089844,,,,
2025-05-28,TSLA,,356.8999938964844,,,,,,,,
2025-05-29,AAPL,199.9499969482422,,,,,,,,,
2025-05-29,AMZN,,,,,205.6999969482422,,,,,
2025-05-29,BAC,,,,,,,,,,43.9808235168457
2025-05-29,GOOG,,,,172.7523651123047,,,,,,
2025-05-29,JPM,,,,,,,,,264.3699951171875,
2025-05-29,META,,,,,,,644.5540771484375,,,
2025-05-29,MSFT,,,458.67999267578125,,,,,,,
2025-05-29,NFLX,,,,,,,,1184.8599853515625,,
2025-05-29,NVDA,,,,,,139.1803436279297,,,,
2025-05-29,TSLA,,358.42999267578125,,,,,,,,
2025-05-30,AAPL,200.85000610351562,,,,,,,,,
2025-05-30,AMZN,,,,,205.00999450683594,,,,,
2025-05-30,BAC,,,,,,,,,,43.87146759033203
2025-05-30,GOOG,,,,172.64248657226562,,,,,,
2025-05-30,JPM,,,,,,,,,264.0,
2025-05-30,META,,,,,,,646.9921875,,,
2025-05-30,MSFT,,,460.3599853515625,,,,,,,
2025-05-30,NFLX,,,,,,,,1207.22998046875,,
2025-05-30,NVDA,,,,,,135.12062072753906,,,,
2025-05-30,TSLA,,346.4599914550781,,,,,,,,
2025-06-02,AAPL,201.6999969482422,,,,,,,,,
2025-06-02,AMZN,,,,,206.64999389648438,,,,,
2025-06-02,BAC,,,,,,,,,,43.82175827026367
2025-06-02,GOOG,,,,170.1654510498047,,,,,,
2025-06-02,JPM,,,,,,,,,264.6600036621094,
2025-06-02,META,,,,,,,670.3842163085938,,,
2025-06-02,MSFT,,,461.9700012207031,,,,,,,
2025-06-02,NFLX,,,,,,,,1218.97998046875,,
2025-06-02,NVDA,,,,,,137.37046813964844,,,,
2025-06-02,TSLA,,342.69000244140625,,,,,,,,
2025-06-03,AAPL,203.27000427246094,,,,,,,,,
2025-06-03,AMZN,,,,,205.7100067138672,,,,,
2025-06-03,BAC,,,,,,,,,,44.38842010498047
2025-06-03,GOOG,,,,167.5086669921875,,,,,,
2025-06-03,JPM,,,,,,,,,266.2699890136719,
2025-06-03,META,,,,,,,666.3372802734375,,,
2025-06-03,MSFT,,,462.9700012207031,,,,,,,
2025-06-03,NFLX,,,,,,,,1217.93994140625,,
2025-06-03,NVDA,,,,,,141.21018981933594,,,,
2025-06-03,TSLA,,344.2699890136719,,,,,,,,
2025-06-04,AAPL,202.82000732421875,,,,,,,,,
2025-06-04,AMZN,,,,,207.22999572753906,,,,,
2025-06-04,BAC,,,,,,,,,,44.10011672973633
2025-06-04,GOOG,,,,169.18663024902344,,,,,,
2025-06-04,JPM,,,,,,,,,264.2200012207031,
2025-06-04,META,,,,,,,687.4210815429688,,,
2025-06-04,MSFT,,,463.8699951171875,,,,,,,
2025-06-04,NFLX,,,,,,,,1239.6600341796875,,
2025-06-04,NVDA,,,,,,141.91014099121094,,,,
2025-06-04,TSLA,,332.04998779296875,,,,,,,,
2025-06-05,AAPL,200.6300048828125,,,,,,,,,
2025-06-05,AMZN,,,,,207.91000366210938,,,,,
2025-06-05,BAC,,,,,,,,,,44.12000274658203
2025-06-05,GOOG,,,,169.6061248779297,,,,,,
2025-06-05,JPM,,,,,,,,,261.95001220703125,
2025-06-05,META,,,,,,,684.0936279296875,,,
2025-06-05,MSFT,,,467.67999267578125,,,,,,,
2025-06-05,NFLX,,,,,,,,1250.52001953125,,
2025-06-05,NVDA,,,,,,139.98028564453125,,,,
2025-06-05,TSLA,,284.70001220703125,,,,,,,,
2025-06-06,AAPL,203.9199981689453,,,,,,,,,
2025-06-06,AMZN,,,,,213.57000732421875,,,,,
2025-06-06,BAC,,,,,,,,,,44.970001220703125
2025-06-06,GOOG,,,,174.70999145507812,,,,,,
2025-06-06,JPM,,,,,,,,,265.7300109863281,
2025-06-06,META,,,,,,,697.173583984375,,,
2025-06-06,MSFT,,,470.3800048828125,,,,,,,
2025-06-06,NFLX,,,,,,,,1241.469970703125,,
2025-06-06,NVDA,,,,,,141.7101593017578,,,,
2025-06-06,TSLA,,295.1400146484375,,,,,,,,
2025-06-09,AAPL,201.4499969482422,,,,,,,,,
2025-06-09,AMZN,,,,,216.97999572753906,,,,,
2025-06-09,BAC,,,,,,,,,,44.869998931884766
2025-06-09,GOOG,,,,177.6300048828125,,,,,,
2025-06-09,JPM,,,,,,,,,266.739990234375,
2025-06-09,META,,,,,,,693.5263671875,,,
2025-06-09,MSFT,,,472.75,,,,,,,
2025-06-09,NFLX,,,,,,,,1224.4599609375,,
2025-06-09,NVDA,,,,,,142.62010192871094,,,,
2025-06-09,TSLA,,308.5799865722656,,,,,,,,
2025-06-10,AAPL,202.6699981689453,,,,,,,,,
2025-06-10,AMZN,,,,,217.61000061035156,,,,,
2025-06-10,BAC,,,,,,,,,,45.09000015258789
2025-06-10,GOOG,,,,180.00999450683594,,,,,,
2025-06-10,JPM,,,,,,,,,268.6000061035156,
2025-06-10,META,,,,,,,701.8599853515625,,,
2025-06-10,MSFT,,,470.9200134277344,,,,,,,
2025-06-10,NFLX,,,,,,,,1203.6199951171875,,
2025-06-10,NVDA,,,,,,143.95001220703125,,,,
2025-06-10,TSLA,,326.0899963378906,,,,,,,,
2025-06-11,AAPL,198.77999877929688,,,,,,,,,
2025-06-11,AMZN,,,,,213.1999969482422,,,,,
2025-06-11,BAC,,,,,,,,,,44.72999954223633
2025-06-11,GOOG,,,,178.7899932861328,,,,,,
2025-06-11,JPM,,,,,,,,,268.1499938964844,
2025-06-11,META,,,,,,,693.6063232421875,,,
2025-06-11,MSFT,,,472.6199951171875,,,,,,,
2025-06-11,NFLX,,,,,,,,1219.8800048828125,,
2025-06-11,NVDA,,,,,,142.8300018310547,,,,
2025-06-11,TSLA,,326.42999267578125,,,,,,,,
2025-06-12,AAPL,199.1999969482422,,,,,,,,,
2025-06-12,AMZN,,,,,213.24000549316406,,,,,
2025-06-12,BAC,,,,,,,,,,44.619998931884766
2025-06-12,GOOG,,,,176.97000122070312,,,,,,
2025-06-12,JPM,,,,,,,,,268.239990234375,
2025-06-12,META,,,,,,,692.826904296875,,,
2025-06-12,MSFT,,,478.8699951171875,,,,,,,
2025-06-12,NFLX,,,,,,,,1215.030029296875,,
2025-06-12,NVDA,,,,,,145.0,,,,
2025-06-12,TSLA,,319.1099853515625,,,,,,,,
2025-06-13,AAPL,196.4499969482422,,,,,,,,,
2025-06-13,AMZN,,,,,212.10000610351562,,,,,
2025-06-13,BAC,,,,,,,,,,44.09000015258789
2025-06-13,GOOG,,,,175.8800048828125,,,,,,
2025-06-13,JPM,,,,,,,,,264.95001220703125,
2025-06-13,META,,,,,,,682.344970703125,,,
2025-06-13,MSFT,,,474.9599914550781,,,,,,,
2025-06-13,NFLX,,,,,,,,1212.1500244140625,,
2025-06-13,NVDA,,,,,,141.97000122070312,,,,
2025-06-13,TSLA,,325.30999755859375,,,,,,,,
2025-06-16,AAPL,198.4199981689453,,,,,,,,,
2025-06-16,AMZN,,,,,216.10000610351562,,,,,
2025-06-16,BAC,,,,,,,,,,44.40999984741211
2025-06-16,GOOG,,,,177.94000244140625,,,,,,
2025-06-16,JPM,,,,,,,,,270.3599853515625,
2025-06-16,META,,,,,,,702.1199951171875,,,
2025-06-16,MSFT,,,479.1400146484375,,,,,,,
2025-06-16,NFLX,,,,,,,,1225.3499755859375,,
2025-06-16,NVDA,,,,,,144.69000244140625,,,,
2025-06-16,TSLA,,329.1300048828125,,,,,,,,
2025-06-17,AAPL,195.63999938964844,,,,,,,,,
2025-06-17,AMZN,,,,,214.82000732421875,,,,,
2025-06-17,BAC,,,,,,,,,,44.22999954223633
2025-06-17,GOOG,,,,177.22999572753906,,,,,,
2025-06-17,JPM,,,,,,,,,269.5199890136719,
2025-06-17,META,,,,,,,697.22998046875,,,
2025-06-17,MSFT,,,478.0400085449219,,,,,,,
2025-06-17,NFLX,,,,,,,,1220.6700439453125,,
2025-06-17,NVDA,,,,,,144.1199951171875,,,,
2025-06-17,TSLA,,316.3500061035156,,,,,,,,
